{"count":1,"self":19.7757632,"total":19.881517,"children":{"InitializeActuators":{"count":6,"self":0.0020001999999999997,"total":0.0020001999999999997,"children":null},"InitializeSensors":{"count":6,"self":0.0070405999999999993,"total":0.0070405999999999993,"children":null},"AgentSendState":{"count":760,"self":0.0427875,"total":0.064750599999999991,"children":{"CollectObservations":{"count":912,"self":0.0009991,"total":0.0009991,"children":null},"WriteActionMask":{"count":912,"self":0.001001,"total":0.001001,"children":null},"RequestDecision":{"count":912,"self":0.013985099999999999,"total":0.019962999999999998,"children":{"RayPerceptionSensor.Perceive":{"count":1824,"self":0.0059778999999999995,"total":0.0059778999999999995,"children":null}}}}},"DecideAction":{"count":760,"self":0.010001099999999999,"total":0.010001099999999999,"children":null},"AgentAct":{"count":760,"self":0.020962099999999997,"total":0.020962099999999997,"children":null}},"gauges":{},"metadata":{"timer_format_version":"0.1.0","start_time_seconds":"1645274309","unity_version":"2020.3.17f1c1","command_line_arguments":"D:\\Program Files\\Unity\\2020.3.17f1c1\\Editor\\Unity.exe -projectpath D:\/PROJECTS\/DRL_start\/UnityProjects\/FactoryRobots -useHub -hubIPC -cloudEnvironment production -hubSessionId 3d009ce0-9134-11ec-b6f7-c9075af5905e -accessToken yds3Ljt_73yfZ6zvhjbmmp_lmD_KkU4eGm9PSlmp5Gg00bf","communication_protocol_version":"1.5.0","com.unity.ml-agents_version":"2.1.0-exp.1","scene_name":"CMSv2Test","end_time_seconds":"1645274329"}}