{"count":1,"self":1323.1730688,"total":4816.3878017,"children":{"InitializeActuators":{"count":108,"self":0.0010004999999999999,"total":0.0010004999999999999,"children":null},"InitializeSensors":{"count":108,"self":0.0040425999999999995,"total":0.0040425999999999995,"children":null},"AgentSendState":{"count":2000947,"self":542.0942848,"total":591.00585119999994,"children":{"CollectObservations":{"count":14766627,"self":17.684424,"total":17.6844239,"children":null},"WriteActionMask":{"count":14766627,"self":6.6445152,"total":6.6445152,"children":null},"RequestDecision":{"count":14766627,"self":14.491456,"total":24.5826527,"children":{"AgentInfo.ToProto":{"count":359787,"self":2.2993986,"total":10.0911975,"children":{"GenerateSensorData":{"count":359787,"self":7.7917992,"total":7.7917989,"children":null}}}}}}},"DecideAction":{"count":2000947,"self":2745.3302783999998,"total":2781.7345692,"children":{"RayPerceptionSensor.Perceive":{"count":28813896,"self":36.4043424,"total":36.4043439,"children":null}}},"AgentAct":{"count":2000944,"self":120.42832639999999,"total":120.42832729999999,"children":null},"AgentInfo.ToProto":{"count":3600,"self":0.0070212999999999994,"total":0.039959499999999995,"children":{"GenerateSensorData":{"count":3600,"self":0.0329382,"total":0.0329382,"children":null}}}},"gauges":{"CMSv2AGVDispatcher.CumulativeReward":{"count":3600,"max":0,"min":0,"runningAverage":0,"value":0,"weightedAverage":0},"CMSv2AGVMove.CumulativeReward":{"count":3600,"max":177.890518,"min":-201.70842,"runningAverage":91.6114044,"value":93.21965,"weightedAverage":97.7538147}},"metadata":{"timer_format_version":"0.1.0","start_time_seconds":"1645459147","unity_version":"2020.3.17f1c1","command_line_arguments":"D:\\Program Files\\Unity\\2020.3.17f1c1\\Editor\\Unity.exe -projectpath D:\/PROJECTS\/DRL_start\/UnityProjects\/FactoryRobots -useHub -hubIPC -cloudEnvironment production -hubSessionId 6aea8740-92df-11ec-a95b-9f2ec916f36f -accessToken 7eXM7qwjWBz6KU3KxKOqhWNKavn0IzEbu0G2YUxVsSI00bf","communication_protocol_version":"1.5.0","com.unity.ml-agents_version":"2.1.0-exp.1","scene_name":"CMSv2TrainMove","end_time_seconds":"1645463963"}}