{"count":1,"self":1032.0984064,"total":10489.5811273,"children":{"InitializeActuators":{"count":36,"self":0.0019976,"total":0.0019976,"children":null},"InitializeSensors":{"count":36,"self":0.007005,"total":0.007005,"children":null},"AgentSendState":{"count":1262954,"self":393.1885824,"total":843.29208929999993,"children":{"CollectObservations":{"count":9093276,"self":5.8344672,"total":5.8344672,"children":null},"WriteActionMask":{"count":9093276,"self":4.8736207999999994,"total":4.8736206,"children":null},"RequestDecision":{"count":9093276,"self":21.836321599999998,"total":439.39543039999995,"children":{"AgentInfo.ToProto":{"count":9093276,"self":23.2298992,"total":417.5591088,"children":{"GenerateSensorData":{"count":9093276,"self":365.03075839999997,"total":394.3292097,"children":{"RayPerceptionSensor.Perceive":{"count":18186552,"self":29.298460799999997,"total":29.2984615,"children":null}}}}}}}}},"DecideAction":{"count":1262954,"self":8516.9381376,"total":8516.9379662,"children":null},"AgentAct":{"count":1262954,"self":97.1048704,"total":97.104870699999992,"children":null},"AgentInfo.ToProto":{"count":2268,"self":0.0134387,"total":0.1367795,"children":{"GenerateSensorData":{"count":2268,"self":0.11675769999999999,"total":0.1233408,"children":{"RayPerceptionSensor.Perceive":{"count":4536,"self":0.0065831,"total":0.0065831,"children":null}}}}}},"gauges":{"CMSv2AGVMove.CumulativeReward":{"count":2268,"max":151.439911,"min":-200.908859,"runningAverage":94.29944,"value":115.119781,"weightedAverage":109.94487}},"metadata":{"timer_format_version":"0.1.0","start_time_seconds":"1645341389","unity_version":"2020.3.17f1c1","command_line_arguments":"D:\\Program Files\\Unity\\2020.3.17f1c1\\Editor\\Unity.exe -projectpath D:\/PROJECTS\/DRL_start\/UnityProjects\/FactoryRobots -useHub -hubIPC -cloudEnvironment production -hubSessionId 34e0b110-9212-11ec-add3-915f9a30598a -accessToken dlI2e3HYy9RaKcFNgxQSqZh1RyJHQaxCJdQDEJdecww00bf","communication_protocol_version":"1.5.0","com.unity.ml-agents_version":"2.1.0-exp.1","scene_name":"CMSv2TrainMove","end_time_seconds":"1645351878"}}