{"count":1,"self":445.7678848,"total":6533.6375097,"children":{"InitializeActuators":{"count":42,"self":0.0020023,"total":0.0020023,"children":null},"InitializeSensors":{"count":42,"self":0.0090336,"total":0.0090336,"children":null},"AgentSendState":{"count":607501,"self":210.8304512,"total":445.4937165,"children":{"CollectObservations":{"count":5103042,"self":2.3610572,"total":2.3610571,"children":null},"WriteActionMask":{"count":5103042,"self":1.6125768999999999,"total":1.6125768999999999,"children":null},"RequestDecision":{"count":5103042,"self":9.4677536,"total":230.68963159999998,"children":{"AgentInfo.ToProto":{"count":5103042,"self":11.9751184,"total":221.221878,"children":{"GenerateSensorData":{"count":5103042,"self":195.4491008,"total":209.2467599,"children":{"RayPerceptionSensor.Perceive":{"count":10206084,"self":13.7976624,"total":13.7976618,"children":null}}}}}}}}},"DecideAction":{"count":607501,"self":5603.2309248,"total":5603.2307696,"children":null},"AgentAct":{"count":607501,"self":39.0591264,"total":39.0591264,"children":null},"AgentInfo.ToProto":{"count":1260,"self":0.0009998,"total":0.073981999999999992,"children":{"GenerateSensorData":{"count":1260,"self":0.0679786,"total":0.0729822,"children":{"RayPerceptionSensor.Perceive":{"count":2520,"self":0.0050035999999999995,"total":0.0050035999999999995,"children":null}}}}}},"gauges":{"CMSv2AGVMove.CumulativeReward":{"count":1260,"max":2.20000052,"min":-168.706558,"runningAverage":-4.579961,"value":-0.25000003,"weightedAverage":-3.09519219}},"metadata":{"timer_format_version":"0.1.0","start_time_seconds":"1645275082","unity_version":"2020.3.17f1c1","command_line_arguments":"D:\\Program Files\\Unity\\2020.3.17f1c1\\Editor\\Unity.exe -projectpath D:\/PROJECTS\/DRL_start\/UnityProjects\/FactoryRobots -useHub -hubIPC -cloudEnvironment production -hubSessionId 3d009ce0-9134-11ec-b6f7-c9075af5905e -accessToken yds3Ljt_73yfZ6zvhjbmmp_lmD_KkU4eGm9PSlmp5Gg00bf","communication_protocol_version":"1.5.0","com.unity.ml-agents_version":"2.1.0-exp.1","scene_name":"CMSv2TrainMove","end_time_seconds":"1645281616"}}