{"count":1,"self":121.3936768,"total":121.7238081,"children":{"InitializeActuators":{"count":1,"self":0.00099969999999999985,"total":0.00099969999999999985,"children":null},"InitializeSensors":{"count":1,"self":0.0029998,"total":0.0029998,"children":null},"AgentSendState":{"count":5807,"self":0.2186812,"total":0.23961059999999998,"children":{"CollectObservations":{"count":1162,"self":0.0030020999999999997,"total":0.0030020999999999997,"children":null},"WriteActionMask":{"count":1162,"self":0.0009933,"total":0.0009933,"children":null},"RequestDecision":{"count":1162,"self":0.011972499999999999,"total":0.016933999999999998,"children":{"RayPerceptionSensor.Perceive":{"count":1162,"self":0.0049615,"total":0.0049615,"children":null}}}}},"DecideAction":{"count":5807,"self":0.0258131,"total":0.0258131,"children":null},"AgentAct":{"count":5807,"self":0.059674599999999994,"total":0.059674599999999994,"children":null}},"gauges":{},"metadata":{"timer_format_version":"0.1.0","start_time_seconds":"1639125972","unity_version":"2020.3.17f1c1","command_line_arguments":"D:\\Program Files\\Unity\\2020.3.17f1c1\\Editor\\Unity.exe -projectpath D:\/PROJECTS\/DRL_start\/UnityProjects\/FactoryRobots -useHub -hubIPC -cloudEnvironment production -hubSessionId d55b8720-5994-11ec-99da-c561bf06b811 -accessToken -3ukM-HZD_Td6HKibwCLfeKgdFb5BLdp1a3UZVubG4Y00bf","communication_protocol_version":"1.5.0","com.unity.ml-agents_version":"2.1.0-exp.1","scene_name":"MRP3D_test","end_time_seconds":"1639126094"}}