{"count":1,"self":4937.1832319999994,"total":30738.568717799997,"children":{"InitializeActuators":{"count":12,"self":0.0019951,"total":0.0019951,"children":null},"InitializeSensors":{"count":12,"self":0.0019997,"total":0.0019997,"children":null},"AgentSendState":{"count":8056468,"self":2285.6747007999998,"total":3347.7810885999997,"children":{"CollectObservations":{"count":19335528,"self":99.371865599999992,"total":99.3718682,"children":null},"WriteActionMask":{"count":19335528,"self":6.7080324,"total":6.7080325,"children":null},"RequestDecision":{"count":19335528,"self":37.998374399999996,"total":956.02648979999992,"children":{"AgentInfo.ToProto":{"count":19335528,"self":41.3588288,"total":918.0281169,"children":{"GenerateSensorData":{"count":19335528,"self":760.2575872,"total":876.6692866,"children":{"RayPerceptionSensor.Perceive":{"count":19335528,"self":116.4116992,"total":116.4116979,"children":null}}}}}}}}},"DecideAction":{"count":8056468,"self":22247.7041664,"total":22247.7041961,"children":null},"AgentAct":{"count":8056468,"self":205.70229759999998,"total":205.7023025,"children":null},"AgentInfo.ToProto":{"count":3864,"self":0.0029947,"total":0.192962,"children":{"GenerateSensorData":{"count":3864,"self":0.1598547,"total":0.18996729999999998,"children":{"RayPerceptionSensor.Perceive":{"count":3864,"self":0.0301126,"total":0.0301126,"children":null}}}}}},"gauges":{"CollabFactory1.CumulativeReward":{"count":3864,"max":0,"min":-25.5,"runningAverage":-0.07440464,"value":0,"weightedAverage":-5.29132158E-05}},"metadata":{"timer_format_version":"0.1.0","start_time_seconds":"1641229782","unity_version":"2020.3.17f1c1","command_line_arguments":"D:\\Program Files\\Unity\\2020.3.17f1c1\\Editor\\Unity.exe -projectpath D:\/PROJECTS\/DRL_start\/UnityProjects\/FactoryRobots -useHub -hubIPC -cloudEnvironment production -hubSessionId 4e0702a0-6cb7-11ec-9587-eb256a47b032 -accessToken DavC115Q-TGztG_GWfpcIi_vNSqMOepvSqxvHGoqmfs00bf","communication_protocol_version":"1.5.0","com.unity.ml-agents_version":"2.1.0-exp.1","scene_name":"Multi_train","end_time_seconds":"1641260520"}}