{"count":1,"self":395.4437632,"total":3557.7700709,"children":{"InitializeActuators":{"count":18,"self":0.0010000999999999999,"total":0.0010000999999999999,"children":null},"InitializeSensors":{"count":18,"self":0.0039983,"total":0.0039983,"children":null},"AgentSendState":{"count":637531,"self":141.84570879999998,"total":242.88463389999998,"children":{"CollectObservations":{"count":2295126,"self":6.0476019999999995,"total":6.0476019,"children":null},"WriteActionMask":{"count":2295126,"self":0.7952087,"total":0.7952087,"children":null},"RequestDecision":{"count":2295126,"self":5.2901036,"total":94.196108299999992,"children":{"AgentInfo.ToProto":{"count":2295126,"self":5.1114708,"total":88.9060046,"children":{"GenerateSensorData":{"count":2295126,"self":77.450771199999991,"total":83.79453389999999,"children":{"RayPerceptionSensor.Perceive":{"count":4590252,"self":6.3437624,"total":6.3437624,"children":null}}}}}}}}},"DecideAction":{"count":637531,"self":2899.7740544,"total":2899.7741011,"children":null},"AgentAct":{"count":637531,"self":19.6222416,"total":19.6222419,"children":null},"AgentInfo.ToProto":{"count":918,"self":0.0020393,"total":0.0393407,"children":{"GenerateSensorData":{"count":918,"self":0.0363033,"total":0.0373014,"children":{"RayPerceptionSensor.Perceive":{"count":1836,"self":0.0009981,"total":0.0009981,"children":null}}}}}},"gauges":{"CollabFactory2.CumulativeReward":{"count":918,"max":81.87005,"min":-23.6799183,"runningAverage":30.4254837,"value":71.16995,"weightedAverage":67.03052}},"metadata":{"timer_format_version":"0.1.0","start_time_seconds":"1641380971","unity_version":"2020.3.17f1c1","command_line_arguments":"D:\\Program Files\\Unity\\2020.3.17f1c1\\Editor\\Unity.exe -projectpath D:\/PROJECTS\/DRL_start\/UnityProjects\/FactoryRobots -useHub -hubIPC -cloudEnvironment production -hubSessionId dfb364d0-6def-11ec-8537-5d2fec12aba3 -accessToken f24rTJkz0OANSgiX-iBPwUO08Njmya6tqicIQR8pdNw00bf","communication_protocol_version":"1.5.0","com.unity.ml-agents_version":"2.1.0-exp.1","scene_name":"PathPlanning_train","end_time_seconds":"1641384529"}}