{"count":1,"self":14.4970752,"total":14.968936699999999,"children":{"InitializeActuators":{"count":32,"self":0.0009991,"total":0.0009991,"children":null},"InitializeSensors":{"count":32,"self":0.0040035999999999995,"total":0.0040035999999999995,"children":null},"AgentSendState":{"count":484,"self":0.099061799999999992,"total":0.1140568,"children":{"CollectObservations":{"count":3104,"self":0.0020015,"total":0.0020015,"children":null},"WriteActionMask":{"count":3104,"self":0.0030015999999999997,"total":0.0030015999999999997,"children":null},"RequestDecision":{"count":3104,"self":0.0099919,"total":0.0099919,"children":null}}},"DecideAction":{"count":484,"self":0.3030037,"total":0.30699879999999996,"children":{"RayPerceptionSensor.Perceive":{"count":6208,"self":0.0039951,"total":0.0039951,"children":null}}},"AgentAct":{"count":484,"self":0.044805199999999996,"total":0.044805199999999996,"children":null}},"gauges":{"PushBlock.CumulativeReward":{"count":180,"max":4.9966,"min":4.9506,"runningAverage":4.98461437,"value":4.9822,"weightedAverage":4.986382}},"metadata":{"timer_format_version":"0.1.0","start_time_seconds":"1639918531","unity_version":"2020.3.17f1c1","command_line_arguments":"D:\\Program Files\\Unity\\2020.3.17f1c1\\Editor\\Unity.exe -projectpath D:\/PROJECTS\/DRL_start\/UnityProjects\/FactoryRobots -useHub -hubIPC -cloudEnvironment production -hubSessionId 09f4dae0-6098-11ec-84f1-67d37a289403 -accessToken 02lQr-7bG4uQwfT6wwkHCs0g2IC30UXmyztkO9UK9uE00bf","communication_protocol_version":"1.5.0","com.unity.ml-agents_version":"2.1.0-exp.1","scene_name":"PushBlock","end_time_seconds":"1639918546"}}