{"count":1,"self":765.3764096,"total":3363.7877393999997,"children":{"InitializeActuators":{"count":72,"self":0.0010004999999999999,"total":0.0010004999999999999,"children":null},"InitializeSensors":{"count":72,"self":0.0109994,"total":0.0109994,"children":null},"AgentSendState":{"count":997201,"self":450.02603519999997,"total":474.1455779,"children":{"CollectObservations":{"count":7346023,"self":7.3351704,"total":7.3351701,"children":null},"WriteActionMask":{"count":7346023,"self":2.3691264,"total":2.3691264999999997,"children":null},"RequestDecision":{"count":7346023,"self":7.3994608,"total":14.415228299999999,"children":{"AgentInfo.ToProto":{"count":166147,"self":0.82276319999999992,"total":7.0157675,"children":{"GenerateSensorData":{"count":166147,"self":6.1930043999999995,"total":6.1930043,"children":null}}}}}}},"DecideAction":{"count":997201,"self":2051.0734336,"total":2068.5193068,"children":{"RayPerceptionSensor.Perceive":{"count":14359752,"self":17.445847999999998,"total":17.445848599999998,"children":null}}},"AgentAct":{"count":997201,"self":55.662284799999995,"total":55.6622862,"children":null},"AgentInfo.ToProto":{"count":2844,"self":0.0050672,"total":0.0711543,"children":{"GenerateSensorData":{"count":2844,"self":0.0660871,"total":0.0660871,"children":null}}}},"gauges":{"Dispatcher.CumulativeReward":{"count":2844,"max":26.0600033,"min":0.27,"runningAverage":17.1337528,"value":14.944994,"weightedAverage":16.0941086},"CollabFactory2.CumulativeReward":{"count":2844,"max":48.79998,"min":-57.173008,"runningAverage":28.0172882,"value":25.0950031,"weightedAverage":27.6560154}},"metadata":{"timer_format_version":"0.1.0","start_time_seconds":"1641491982","unity_version":"2020.3.17f1c1","command_line_arguments":"D:\\Program Files\\Unity\\2020.3.17f1c1\\Editor\\Unity.exe -projectpath D:\/PROJECTS\/DRL_start\/UnityProjects\/FactoryRobots -useHub -hubIPC -cloudEnvironment production -hubSessionId f461b920-6eaf-11ec-b62c-cb12ec65ffaf -accessToken 57nWSWIUseFjb4ZOwz-342muJlU9Rm4clj67pWm7H5k00bf","communication_protocol_version":"1.5.0","com.unity.ml-agents_version":"2.1.0-exp.1","scene_name":"TargetAllocation_train","end_time_seconds":"1641495346"}}