{"count":1,"self":12.198730399999999,"total":53.7716724,"children":{"InitializeActuators":{"count":12,"self":0.0019633,"total":0.0019633,"children":null},"InitializeSensors":{"count":12,"self":0.0040032,"total":0.0040032,"children":null},"AgentSendState":{"count":12167,"self":0.9882424,"total":1.6944038,"children":{"CollectObservations":{"count":14611,"self":0.014050499999999999,"total":0.014050499999999999,"children":null},"WriteActionMask":{"count":14611,"self":0.0050320999999999994,"total":0.0050320999999999994,"children":null},"RequestDecision":{"count":14611,"self":0.0574716,"total":0.6870788,"children":{"AgentInfo.ToProto":{"count":14611,"self":0.028325999999999997,"total":0.62960719999999992,"children":{"GenerateSensorData":{"count":14611,"self":0.5588097,"total":0.6012812,"children":{"RayPerceptionSensor.Perceive":{"count":29208,"self":0.042471499999999995,"total":0.042471499999999995,"children":null}}}}}}}}},"DecideAction":{"count":12167,"self":39.6829888,"total":39.6829903,"children":null},"AgentAct":{"count":12167,"self":0.188582,"total":0.188582,"children":null}},"gauges":{},"metadata":{"timer_format_version":"0.1.0","start_time_seconds":"1641644341","unity_version":"2020.3.17f1c1","command_line_arguments":"D:\\Program Files\\Unity\\2020.3.17f1c1\\Editor\\Unity.exe -projectpath D:\/PROJECTS\/DRL_start\/UnityProjects\/FactoryRobots -useHub -hubIPC -cloudEnvironment production -hubSessionId 6661f4b0-706b-11ec-920b-513df3f87110 -accessToken vPzcQoI6ZBqck2dK3kc-9H0jcXje-IMfS9kPtAIjAaI00bf","communication_protocol_version":"1.5.0","com.unity.ml-agents_version":"2.1.0-exp.1","scene_name":"TargetAllocation_test","end_time_seconds":"1641644395"}}