{"count":1,"self":13896.484454399999,"total":61120.419971999996,"children":{"InitializeActuators":{"count":384,"self":0.0040041999999999994,"total":0.0040041999999999994,"children":null},"InitializeSensors":{"count":384,"self":0.0040079999999999994,"total":0.0040079999999999994,"children":null},"AgentSendState":{"count":8326242,"self":5193.1906048,"total":5801.7091445999995,"children":{"CollectObservations":{"count":163405138,"self":312.6898944,"total":312.6899031,"children":null},"WriteActionMask":{"count":163405138,"self":113.9258112,"total":113.9258172,"children":null},"RequestDecision":{"count":163405138,"self":92.4647232,"total":181.9029182,"children":{"AgentInfo.ToProto":{"count":3493446,"self":13.679748799999999,"total":89.4381942,"children":{"GenerateSensorData":{"count":3493446,"self":75.758444799999992,"total":75.7584455,"children":null}}}}}}},"DecideAction":{"count":8326242,"self":39617.7309696,"total":40016.1651305,"children":{"RayPerceptionSensor.Perceive":{"count":319735872,"self":398.4325632,"total":398.43256579999996,"children":null}}},"AgentAct":{"count":8326200,"self":1404.8418815999999,"total":1404.8419023,"children":null},"AgentInfo.ToProto":{"count":75876,"self":0.0879625,"total":1.2110163,"children":{"GenerateSensorData":{"count":75876,"self":1.1230537999999999,"total":1.1230537999999999,"children":null}}}},"gauges":{"CMSv3AD_WS_heuristic.CumulativeReward":{"count":28777,"max":0,"min":0,"runningAverage":0,"value":0,"weightedAverage":0},"CMSv3AD_WS.CumulativeReward":{"count":75876,"max":0,"min":0,"runningAverage":0,"value":0,"weightedAverage":0},"CMSv2AGVMove.CumulativeReward":{"count":75876,"max":243.852417,"min":15.56958,"runningAverage":42.47584,"value":41.880024,"weightedAverage":44.85085}},"metadata":{"timer_format_version":"0.1.0","start_time_seconds":"1649343023","unity_version":"2021.2.12f1c1","command_line_arguments":"C:\\Program Files\\Unity\\Hub\\Editor\\2021.2.12f1c1\\Editor\\Unity.exe -projectpath C:\\PROJECT\\FactoRL -useHub -hubIPC -cloudEnvironment production -licensingIpc LicenseClient-deale -hubSessionId 43d650f0-b65f-11ec-82b8-eb78dbfecbc7 -accessToken nJZALhyOI5zUv6cT7bGtUTUR4O8onArF0dbqYW-iJKg00bf","communication_protocol_version":"1.5.0","com.unity.ml-agents_version":"2.1.0-exp.1","scene_name":"Train","end_time_seconds":"1649404143"}}